sample_id,decision_id,expected,severity,rationale
BDD12,d01,count=0 (không vẽ box),major,Ảnh negative không có đầu đèn giao thông xe cơ giới hợp lệ trong phạm vi nhìn rõ
BDD12,d02,ignore_pedestrian_signal,minor,Bỏ qua các đèn tín hiệu người đi bộ hoặc biển báo nhỏ ở xa
BDD24,d01,label=traffic_light,major,Nhận diện đúng đầu đèn giao thông trên cao trong điều kiện tuyết rơi
BDD24,d02,color=red,critical,Đèn đỏ đang bật trong trời tuyết; bắt buộc nhận diện đúng màu đỏ để xe dừng an toàn
BDD24,d03,relevance=ego_lane,critical,Đèn trực tiếp điều khiển làn xe đang đi; bắt buộc không được gán nhầm other_lane
BDD24,d04,geometry: box ôm sát thân vỏ đèn nhìn thấy dung sai ≤ 2 px,minor,Khung bao chữ nhật bám sát mép vỏ đèn nhìn thấy không bị tuyết bám làm lệch
BDD15,d01,label=traffic_light,major,Nhận diện đúng đầu đèn giao thông tại ngã tư
BDD15,d02,relevance=ambiguous,major,Góc nhìn chéo và không rõ vạch kẻ phân làn điều khiển; kiểm tra khả năng escalate của peer
BDD15,d03,color=green hoặc color=unknown,minor,Xác định đúng trạng thái nguồn sáng hoặc chọn unknown nếu bị tán xạ ánh sáng
BDD13,d01,label=traffic_light,major,Gán nhãn đầu đèn giao thông chính diện phía trước
BDD13,d02,color=green,major,Đèn xanh đang sáng rõ ban ngày
BDD13,d03,relevance=ego_lane,critical,Đèn xanh điều khiển trực tiếp làn xe chủ; cho phép xe tiếp tục hành trình an toàn
BDD13,d04,geometry: 1 box riêng cho từng đầu đèn không vẽ gộp,minor,Mỗi đầu đèn vẽ 1 box hình chữ nhật riêng biệt ôm khít mép ngoài
